Name,Distance_Mpc,N_points,R_max_kpc,V_max_obs,M_baryon_est,Efficiency,Chi2_Newton,Chi2_DSO,Chi2dof_Newton,Chi2dof_DSO,Improvement,RMS_Newton,RMS_DSO,Within2sigma
CamB,3.36,9,1.79,20.1,1.12e+08,0.0000,85.26,85.26,10.66,10.66,1.00,4.6,4.6,0.333
D564-8,8.79,6,3.07,25.0,7.71e+07,0.0000,171.08,171.08,34.22,34.22,1.00,10.0,10.0,0.167
D631-7,7.72,16,7.19,58.5,6.59e+08,0.0005,1408.10,1407.81,93.87,93.85,1.00,24.6,24.6,0.188
DDO064,6.8,14,2.98,46.9,5.46e+08,0.0003,117.32,117.28,9.02,9.02,1.00,14.6,14.6,0.357
DDO154,4.04,12,5.92,48.2,3.91e+08,0.0002,5837.28,5836.81,530.66,530.62,1.00,22.7,22.7,0.083
DDO161,7.5,31,13.37,67.5,2.98e+09,0.0098,8842.60,8761.20,294.75,292.04,1.01,21.3,21.2,0.323
DDO168,4.25,10,4.12,55.0,7.52e+08,0.0006,1249.10,1248.41,138.79,138.71,1.00,18.8,18.8,0.200
DDO170,15.4,8,12.33,62.2,2.42e+09,0.0065,3927.75,3906.26,561.11,558.04,1.01,24.5,24.5,0.000
ESO079-G014,28.7,15,16.67,178.0,6.62e+10,0.8294,1654.38,149.61,118.17,10.69,11.06,28.9,16.2,0.600
ESO116-G012,13.0,15,9.86,112.0,7.53e+09,0.0593,2783.66,2617.56,198.83,186.97,1.06,34.3,33.2,0.267
ESO444-G084,4.83,7,4.44,63.1,2.91e+08,0.0001,1807.77,1807.73,301.30,301.29,1.00,31.7,31.7,0.000
ESO563-G021,60.8,30,42.41,321.0,3.82e+11,0.9939,1805.26,721.30,62.25,24.87,2.50,62.9,32.9,0.633
F561-1,66.4,6,9.66,50.4,7.41e+09,0.0575,3.73,6.03,0.75,1.21,0.62,4.4,5.4,1.000
F563-1,48.9,17,20.10,112.5,8.11e+09,0.0681,453.43,439.60,28.34,27.47,1.03,57.2,56.4,0.118
F563-V1,54.0,6,7.87,29.5,1.74e+09,0.0034,0.87,0.89,0.17,0.18,0.97,1.9,1.9,1.000
F563-V2,59.7,10,10.47,118.0,7.28e+09,0.0557,163.94,159.54,18.22,17.73,1.03,51.1,50.0,0.300
F565-V2,51.8,7,8.80,83.1,2.22e+09,0.0054,259.92,258.83,43.32,43.14,1.00,37.8,37.7,0.286
F567-2,79.0,5,9.59,52.2,3.74e+09,0.0153,17.74,17.17,4.43,4.29,1.03,11.0,10.8,0.600
F568-1,90.7,12,13.23,142.0,1.46e+10,0.1912,345.22,304.93,31.38,27.72,1.13,59.5,55.8,0.167
F568-3,82.4,18,17.98,120.0,1.64e+10,0.2296,273.72,234.59,16.10,13.80,1.17,33.9,30.6,0.222
F568-V1,80.6,15,17.63,118.0,9.82e+09,0.0967,473.53,465.14,33.82,33.22,1.02,55.1,54.3,0.133
F571-8,53.3,13,15.55,144.0,1.16e+10,0.1294,1600.76,1519.16,133.40,126.60,1.05,47.9,46.5,0.000
F571-V1,80.1,7,13.59,84.3,4.85e+09,0.0255,206.23,201.62,34.37,33.60,1.02,33.7,33.3,0.286
F574-1,96.8,14,12.60,99.7,1.00e+10,0.1003,889.95,796.32,68.46,61.26,1.12,36.4,34.5,0.143
F574-2,89.1,5,10.83,40.0,5.32e+09,0.0305,3.36,3.89,0.84,0.97,0.86,7.3,7.8,1.000
F579-V1,89.5,14,15.16,114.0,1.81e+10,0.2666,192.10,160.41,14.78,12.34,1.20,38.6,35.2,0.143
F583-1,35.4,25,16.26,86.9,7.02e+09,0.0519,905.98,888.52,37.75,37.02,1.02,32.8,32.4,0.200
F583-4,53.3,12,7.29,69.9,2.71e+09,0.0081,209.30,206.53,19.03,18.78,1.01,19.0,18.9,0.250
IC2574,3.91,34,10.23,67.5,3.12e+09,0.0107,3566.17,3513.19,108.07,106.46,1.02,18.9,18.7,0.176
IC4202,100.4,32,25.90,250.0,2.27e+11,0.9828,1850.47,2761.59,59.69,89.08,0.67,35.2,41.8,0.250
KK98-251,6.8,15,3.13,34.6,3.33e+08,0.0001,228.24,228.19,16.30,16.30,1.00,7.8,7.8,0.267
NGC0024,7.3,29,11.27,110.0,5.31e+09,0.0303,1588.69,1556.32,56.74,55.58,1.02,32.6,32.4,0.138
NGC0055,2.11,21,13.50,87.4,1.08e+10,0.1143,1074.04,904.49,53.70,45.22,1.19,22.3,19.9,0.238
NGC0100,13.5,21,9.62,91.2,4.65e+09,0.0234,473.50,461.75,23.68,23.09,1.03,26.6,26.3,0.286
NGC0247,3.7,26,14.54,108.0,1.21e+10,0.1402,3366.96,3102.23,134.68,124.09,1.09,32.2,29.5,0.000
NGC0289,20.8,28,71.12,194.0,1.20e+11,0.9408,2037.15,127.47,75.45,4.72,15.98,55.6,23.7,0.714
NGC0300,2.08,25,11.80,97.0,4.69e+09,0.0239,2506.84,2462.82,104.45,102.62,1.02,36.1,35.8,0.040
NGC0801,80.7,13,59.82,238.0,4.10e+11,0.9947,686.64,2095.57,57.22,174.63,0.33,37.7,54.9,0.000
NGC0891,9.91,18,17.11,234.0,1.60e+11,0.9658,3702.46,8075.15,217.79,475.01,0.46,69.8,87.5,0.000
NGC1003,11.4,36,30.24,115.0,1.68e+10,0.2378,15107.97,12673.61,431.66,362.10,1.19,48.2,44.3,0.139
NGC1090,37.0,24,30.09,176.0,9.80e+10,0.9144,2278.53,956.20,99.07,41.57,2.38,25.7,24.6,0.000
NGC1705,5.73,14,6.00,73.2,8.13e+08,0.0007,922.98,922.82,71.00,70.99,1.00,38.1,38.1,0.000
NGC2366,3.27,26,6.06,53.7,1.22e+09,0.0016,1674.49,1672.06,66.98,66.88,1.00,16.4,16.3,0.231
NGC2403,3.16,73,20.87,136.0,1.80e+10,0.2639,33375.65,29137.16,463.55,404.68,1.15,37.9,34.4,0.301
NGC2683,9.81,11,34.62,212.0,8.39e+10,0.8865,136.79,103.77,13.68,10.38,1.32,33.1,20.4,0.636
NGC2841,14.1,50,63.64,323.0,2.60e+11,0.9869,20497.67,5182.71,418.32,105.77,3.96,87.9,45.2,0.340
NGC2903,6.6,34,24.96,216.0,8.85e+10,0.8969,7660.35,10404.36,232.13,315.28,0.74,61.5,60.6,0.265
NGC2915,4.06,30,10.04,86.5,1.57e+09,0.0027,1501.88,1500.34,51.79,51.74,1.00,48.8,48.7,0.133
NGC2955,97.9,24,35.43,276.0,3.78e+11,0.9937,1386.14,2564.32,60.27,111.49,0.54,44.1,66.3,0.000
NGC2976,3.58,27,2.27,88.7,3.33e+09,0.0122,28.27,29.82,1.09,1.15,0.95,3.7,3.7,1.000
NGC2998,68.1,13,42.28,214.0,2.07e+11,0.9794,2009.13,229.10,167.43,19.09,8.77,35.1,22.2,0.538
NGC3109,1.33,25,6.45,67.3,8.04e+08,0.0007,3121.12,3119.93,130.05,130.00,1.00,30.0,30.0,0.040
NGC3198,13.8,43,44.08,157.0,6.24e+10,0.8121,12645.24,1602.29,301.08,38.15,7.89,37.6,16.9,0.302
NGC3521,7.7,41,17.74,220.0,9.69e+10,0.9126,1205.64,1572.50,30.14,39.31,0.77,52.5,62.8,0.146
NGC3726,18.0,12,32.52,169.0,8.64e+10,0.8924,257.33,641.59,23.39,58.33,0.40,35.3,37.4,0.250
NGC3741,3.21,21,7.00,51.6,3.17e+08,0.0001,2401.33,2401.25,120.07,120.06,1.00,25.1,25.1,0.095
NGC3769,18.0,12,37.16,126.0,2.75e+10,0.4564,267.88,308.33,24.35,28.03,0.87,38.7,36.9,0.167
NGC3877,18.0,13,11.35,171.0,9.74e+10,0.9134,278.21,1132.71,23.18,94.39,0.25,29.1,54.3,0.000
NGC3893,18.0,10,19.05,194.0,7.18e+10,0.8514,167.36,206.51,18.60,22.95,0.81,33.8,30.0,0.500
NGC3917,18.0,17,14.86,138.0,3.05e+10,0.5078,636.64,6054.59,39.79,378.41,0.11,26.0,75.0,0.000
NGC3949,18.0,7,7.07,169.0,4.32e+10,0.6743,196.61,5905.45,32.77,984.24,0.03,32.0,186.1,0.000
NGC3953,18.0,8,15.68,224.0,1.80e+11,0.9728,69.07,563.99,9.87,80.57,0.12,18.3,53.0,0.000
NGC3972,18.0,10,8.72,134.0,1.91e+10,0.2893,186.32,58.86,20.70,6.54,3.17,21.2,12.1,0.500
NGC3992,23.7,9,46.02,272.0,2.66e+11,0.9874,591.92,16.50,73.99,2.06,35.87,51.5,8.8,0.889
NGC4010,18.0,12,10.47,129.0,2.26e+10,0.3616,155.13,1683.40,14.10,153.04,0.09,17.7,70.1,0.000
NGC4013,18.0,36,31.01,198.0,8.56e+10,0.8907,2146.49,1253.79,61.33,35.82,1.71,39.3,25.1,0.278
NGC4051,18.0,7,12.19,161.0,8.54e+10,0.8901,104.71,422.96,17.45,70.49,0.25,29.7,56.4,0.000
NGC4068,4.37,6,2.33,41.9,4.90e+08,0.0003,27.23,27.19,5.45,5.44,1.00,6.0,6.0,0.500
NGC4085,18.0,7,6.20,136.0,2.88e+10,0.4798,219.18,4754.77,36.53,792.46,0.05,33.5,154.8,0.000
NGC4088,18.0,12,21.48,182.0,1.29e+11,0.9484,619.01,1410.40,56.27,128.22,0.44,50.8,75.2,0.000
NGC4100,18.0,24,22.76,195.0,6.90e+10,0.8411,538.95,112.52,23.43,4.89,4.79,29.4,12.3,0.750
NGC4138,18.0,7,18.58,195.0,4.77e+10,0.7163,29.01,20.92,4.83,3.49,1.39,31.5,23.2,0.714
NGC4157,18.0,17,29.61,201.0,1.22e+11,0.9429,360.66,677.10,22.54,42.32,0.53,40.0,47.3,0.235
NGC4183,18.0,23,21.02,115.0,1.83e+10,0.2703,799.64,615.76,36.35,27.99,1.30,33.3,28.8,0.043
NGC4214,2.87,14,5.63,80.6,1.45e+09,0.0023,354.12,353.70,27.24,27.21,1.00,33.5,33.5,0.143
NGC4217,18.0,19,16.72,191.0,9.18e+10,0.9035,1595.29,2307.29,88.63,128.18,0.69,64.4,76.0,0.053
NGC4389,18.0,6,5.32,110.0,2.49e+10,0.4083,479.21,4233.71,95.84,846.74,0.11,57.4,168.7,0.000
NGC4559,9.0,32,20.97,124.0,3.37e+10,0.5578,789.71,4738.32,25.47,152.85,0.17,23.9,69.2,0.000
NGC5005,16.9,18,11.47,265.0,2.01e+11,0.9782,251.42,428.02,14.79,25.18,0.59,57.0,79.3,0.056
NGC5033,15.7,22,44.59,225.0,1.33e+11,0.9519,8013.52,834.20,381.60,39.72,9.61,61.2,37.7,0.045
NGC5055,9.9,28,54.59,206.0,1.74e+11,0.9711,44575.17,56680.07,1650.93,2099.26,0.79,58.3,60.4,0.036
NGC5371,39.7,19,46.24,242.0,3.83e+11,0.9939,2412.54,9292.48,134.03,516.25,0.26,35.6,70.8,0.000
NGC5585,7.06,24,10.96,92.3,5.79e+09,0.0359,4179.13,4013.30,181.70,174.49,1.04,24.2,23.7,0.167
NGC5907,17.3,19,50.33,235.0,2.33e+11,0.9837,4802.41,745.76,266.80,41.43,6.44,43.3,16.0,0.316
NGC5985,39.7,33,34.72,305.0,2.91e+11,0.9895,8469.01,1553.97,264.66,48.56,5.45,80.1,38.1,0.000
NGC6015,17.0,44,29.23,166.0,4.31e+10,0.6739,4753.17,39410.29,110.54,916.52,0.12,43.3,64.7,0.273
NGC6195,127.8,23,36.43,258.0,4.33e+11,0.9952,1354.46,3592.11,61.57,163.28,0.38,43.8,75.6,0.000
NGC6503,6.26,31,23.50,121.0,1.65e+10,0.2332,25645.07,22470.50,854.84,749.02,1.14,41.7,38.0,0.065
NGC6674,51.2,15,72.41,291.0,2.56e+11,0.9864,15435.45,1290.77,1102.53,92.20,11.96,77.7,25.0,0.067
NGC6946,5.52,58,20.40,181.0,7.73e+10,0.8690,5002.16,14495.00,87.76,254.30,0.35,27.3,37.9,0.155
NGC7331,14.7,36,36.31,257.0,2.86e+11,0.9891,5836.34,10667.64,166.75,304.79,0.55,70.7,83.7,0.056
NGC7793,3.61,46,7.87,116.0,9.95e+09,0.0990,116.89,94.44,2.60,2.10,1.24,11.5,10.4,0.848
NGC7814,14.4,18,19.53,265.0,8.00e+10,0.8767,2811.54,608.19,165.38,35.78,4.62,53.5,36.1,0.111
PGC51017,13.6,6,3.63,20.5,3.48e+08,0.0001,19.47,19.47,3.89,3.89,1.00,4.5,4.5,0.667
UGC00128,64.5,22,53.75,134.0,2.79e+10,0.4644,54677.46,13558.79,2603.69,645.66,4.03,65.1,38.4,0.045
UGC00191,17.1,9,9.98,83.8,5.00e+09,0.0271,3196.39,3085.81,399.55,385.73,1.04,23.8,23.5,0.000
UGC00731,12.5,12,10.91,74.0,3.66e+09,0.0147,2089.65,2068.34,189.97,188.03,1.01,36.2,36.0,0.000
UGC00891,10.2,5,7.39,63.8,1.23e+09,0.0017,3115.22,3110.61,778.80,777.65,1.00,25.5,25.5,0.200
UGC01230,53.7,11,36.54,113.0,2.16e+10,0.3413,168.84,78.46,16.88,7.85,2.15,43.7,28.8,0.636
UGC01281,5.27,25,4.99,56.9,8.71e+08,0.0008,432.63,432.31,18.03,18.01,1.00,18.5,18.5,0.360
UGC02023,10.4,5,3.78,58.8,1.51e+09,0.0025,5.18,5.13,1.30,1.28,1.01,8.8,8.8,1.000
UGC02259,10.5,8,8.14,90.0,3.38e+09,0.0125,3456.09,3428.41,493.73,489.77,1.01,39.1,38.9,0.000
UGC02455,6.92,8,4.03,61.0,4.82e+09,0.0251,755.71,772.61,107.96,110.37,0.98,35.4,35.8,0.000
UGC02487,69.1,17,80.38,383.0,5.46e+11,0.9970,22944.57,4721.87,1434.04,295.12,4.86,109.5,51.1,0.118
UGC02885,80.6,19,74.07,305.0,5.80e+11,0.9973,913.98,99.94,50.78,5.55,9.15,69.4,22.9,0.579
UGC02916,65.4,43,38.00,218.0,1.80e+11,0.9729,10156.52,16037.24,241.82,381.84,0.63,40.0,46.9,0.209
UGC02953,16.5,115,62.39,319.0,2.77e+11,0.9884,51665.56,14822.76,453.21,130.02,3.49,62.2,47.2,0.043
UGC03205,50.0,48,40.04,237.0,1.34e+11,0.9525,7923.88,616.24,168.59,13.11,12.86,33.6,18.0,0.542
UGC03546,28.7,30,29.23,262.0,1.10e+11,0.9303,2190.14,2699.15,75.52,93.07,0.81,72.1,74.0,0.167
UGC03580,20.7,47,27.06,131.0,2.12e+10,0.3341,14681.84,17598.72,319.17,382.58,0.83,39.2,58.2,0.149
UGC04278,9.51,25,6.69,92.8,4.12e+09,0.0185,789.47,766.53,32.89,31.94,1.03,27.7,27.2,0.280
UGC04305,3.45,22,5.52,37.3,1.88e+09,0.0039,51.50,52.35,2.45,2.49,0.98,5.0,5.0,0.864
UGC04325,9.6,8,5.59,92.7,3.80e+09,0.0158,1071.73,1054.77,153.10,150.68,1.02,35.3,35.1,0.000
UGC04483,3.34,8,1.21,24.3,5.76e+07,0.0000,171.81,171.81,24.54,24.54,1.00,7.1,7.1,0.250
UGC04499,12.5,9,8.18,74.3,4.07e+09,0.0180,552.48,536.19,69.06,67.02,1.03,21.5,21.2,0.111
UGC05005,53.7,11,28.61,100.0,1.46e+10,0.1906,117.89,100.67,11.79,10.07,1.17,33.6,31.1,0.545
UGC05253,22.9,73,53.29,248.0,2.09e+11,0.9798,12200.78,10828.31,169.46,150.39,1.13,44.1,40.3,0.137
UGC05414,9.4,6,4.11,61.4,1.65e+09,0.0030,156.68,155.34,31.34,31.07,1.01,12.5,12.4,0.333
UGC05716,21.3,12,12.37,74.7,2.84e+09,0.0089,11985.50,11927.65,1089.59,1084.33,1.00,34.9,34.8,0.000
UGC05721,6.18,23,6.74,82.6,1.49e+09,0.0024,1439.42,1438.00,65.43,65.36,1.00,37.0,37.0,0.174
UGC05750,58.7,11,22.85,78.9,1.10e+10,0.1186,86.20,81.26,8.62,8.13,1.06,20.8,19.8,0.364
UGC05764,7.47,10,3.62,55.8,4.29e+08,0.0002,5957.64,5957.12,661.96,661.90,1.00,28.0,28.0,0.000
UGC05829,8.64,11,6.91,68.6,2.58e+09,0.0073,187.51,185.35,18.75,18.54,1.01,20.9,20.8,0.091
UGC05918,7.66,8,4.46,44.5,5.52e+08,0.0003,174.95,174.89,24.99,24.98,1.00,18.4,18.4,0.000
UGC05986,8.63,15,9.41,116.0,6.85e+09,0.0495,2612.38,2517.82,186.60,179.84,1.04,39.0,38.1,0.133
UGC05999,47.7,5,16.22,100.0,1.25e+10,0.1488,276.67,223.60,69.17,55.90,1.24,37.2,33.4,0.200
UGC06399,18.0,9,7.85,87.6,4.23e+09,0.0195,354.49,346.38,44.31,43.30,1.02,28.8,28.4,0.111
UGC06446,12.0,17,10.22,84.9,3.71e+09,0.0151,1211.57,1202.52,75.72,75.16,1.01,37.6,37.4,0.059
UGC06614,88.7,13,64.59,205.0,1.83e+11,0.9739,209.37,160.16,17.45,13.35,1.31,51.0,35.6,0.462
UGC06628,15.1,7,7.69,42.3,5.67e+09,0.0344,6.67,8.10,1.11,1.35,0.82,8.1,8.9,1.000
UGC06667,18.0,9,7.85,85.7,2.14e+09,0.0051,1737.86,1732.66,217.23,216.58,1.00,45.3,45.2,0.000
UGC06786,29.3,45,34.05,229.0,8.33e+10,0.8852,27137.82,9211.82,616.77,209.36,2.95,52.0,30.8,0.578
UGC06787,21.3,71,37.19,276.0,1.13e+11,0.9336,40128.37,13349.99,573.26,190.71,3.01,65.0,48.0,0.155
UGC06818,18.0,8,6.98,74.4,2.67e+09,0.0079,106.96,105.78,15.28,15.11,1.01,20.2,20.1,0.375
UGC06917,18.0,11,10.47,111.0,1.21e+10,0.1404,596.96,472.39,59.70,47.24,1.26,30.6,27.0,0.091
UGC06923,18.0,6,5.16,81.1,4.37e+09,0.0208,58.35,54.46,11.67,10.89,1.07,15.1,14.6,0.333
UGC06930,18.0,10,16.61,109.0,1.65e+10,0.2321,260.05,191.49,28.89,21.28,1.36,31.5,26.5,0.100
UGC06973,18.0,9,7.85,180.0,5.84e+10,0.7910,3515.09,4339.67,439.39,542.46,0.81,88.4,99.2,0.000
UGC06983,18.0,17,15.68,113.0,1.17e+10,0.1318,1103.94,1018.96,69.00,63.68,1.08,42.5,40.2,0.059
UGC07089,18.0,12,9.16,79.1,5.89e+09,0.0371,76.08,68.42,6.92,6.22,1.11,14.9,14.1,0.417
UGC07125,19.8,13,18.68,65.6,8.13e+09,0.0683,475.02,425.50,39.58,35.46,1.12,14.7,13.8,0.154
UGC07151,6.87,11,5.50,76.2,3.95e+09,0.0170,394.98,380.25,39.50,38.02,1.04,15.6,15.2,0.182
UGC07261,13.1,7,6.67,76.1,3.29e+09,0.0119,108.30,106.35,18.05,17.72,1.02,22.3,22.1,0.000
UGC07323,8.0,10,5.82,85.6,6.13e+09,0.0401,71.46,57.46,7.94,6.38,1.24,10.3,9.3,0.500
UGC07399,8.43,10,6.13,106.0,2.30e+09,0.0059,2380.22,2374.43,264.47,263.83,1.00,51.0,50.9,0.000
UGC07524,4.74,31,10.69,83.8,6.62e+09,0.0464,1932.55,1810.77,64.42,60.36,1.07,26.8,25.9,0.065
UGC07559,4.97,7,2.53,32.1,3.00e+08,0.0001,30.90,30.90,5.15,5.15,1.00,6.8,6.8,0.571
UGC07577,2.59,9,1.69,17.8,8.80e+07,0.0000,2.79,2.79,0.35,0.35,1.00,1.8,1.8,1.000
UGC07603,4.7,12,4.11,64.0,6.98e+08,0.0005,952.35,951.98,86.58,86.54,1.00,25.7,25.7,0.167
UGC07608,8.21,8,4.78,69.3,9.40e+08,0.0010,167.78,167.64,23.97,23.95,1.00,30.6,30.6,0.125
UGC07690,8.11,7,4.13,60.7,1.41e+09,0.0022,63.75,63.45,10.62,10.58,1.00,13.0,13.0,0.143
UGC07866,4.57,7,2.32,33.1,2.55e+08,0.0001,23.65,23.64,3.94,3.94,1.00,7.5,7.5,0.714
UGC08286,6.5,17,8.04,84.3,2.70e+09,0.0080,5407.46,5378.13,337.97,336.13,1.01,36.7,36.6,0.059
UGC08490,4.65,30,10.15,80.1,2.23e+09,0.0055,3224.25,3215.95,111.18,110.89,1.00,38.3,38.2,0.000
UGC08550,6.7,11,5.36,57.8,9.07e+08,0.0009,1594.94,1593.77,159.49,159.38,1.00,25.0,25.0,0.000
UGC08699,39.3,41,25.70,202.0,6.04e+10,0.8023,1875.11,830.62,46.88,20.77,2.26,38.3,28.6,0.512
UGC08837,7.21,8,4.20,48.0,1.16e+09,0.0015,56.22,55.95,8.03,7.99,1.00,8.0,7.9,0.500
UGC09037,83.6,22,27.96,160.0,9.75e+10,0.9135,813.19,1940.66,38.72,92.41,0.42,31.1,46.0,0.136
UGC09133,57.1,68,108.31,289.0,3.53e+11,0.9928,54430.80,6436.40,812.40,96.07,8.46,61.9,39.3,0.206
UGC09992,10.7,5,3.89,34.3,7.18e+08,0.0006,5.41,5.40,1.35,1.35,1.00,5.9,5.9,1.000
UGC10310,15.2,7,7.74,73.2,3.98e+09,0.0173,138.47,134.95,23.08,22.49,1.03,22.5,22.2,0.000
UGC11455,78.6,36,41.93,291.0,4.35e+11,0.9953,1415.49,3188.11,40.44,91.09,0.44,39.8,62.6,0.028
UGC11557,24.2,12,10.56,85.0,1.81e+10,0.2666,79.38,113.12,7.22,10.28,0.70,20.8,24.1,0.083
UGC11820,18.1,10,15.82,84.5,5.67e+09,0.0344,5597.71,5434.90,621.97,603.88,1.03,27.4,27.0,0.200
UGC11914,16.9,65,9.83,305.0,1.52e+11,0.9624,961.62,4618.49,15.03,72.16,0.21,20.2,38.1,0.062
UGC12506,100.6,31,49.99,255.0,2.37e+11,0.9842,1070.72,141.31,35.69,4.71,7.58,78.8,30.6,0.484
UGC12632,9.77,15,10.66,73.2,4.22e+09,0.0194,1266.48,1240.28,90.46,88.59,1.02,28.5,28.3,0.067
UGC12732,13.2,16,15.40,98.0,8.60e+09,0.0759,1975.17,1833.78,131.68,122.25,1.08,38.5,37.2,0.000
UGCA281,5.68,7,1.08,29.5,9.48e+07,0.0000,108.30,108.30,18.05,18.05,1.00,6.7,6.7,0.143
UGCA442,4.35,8,6.33,57.8,5.79e+08,0.0004,2098.73,2098.21,299.82,299.74,1.00,26.1,26.1,0.000
UGCA444,0.98,36,2.62,38.3,1.33e+08,0.0000,426.16,426.16,12.18,12.18,1.00,14.1,14.1,0.028
